{"halite_config_setting_divisor": [[1544.5470187418357, 2083.4102640563765], "float", 0], "max_ship_to_base_ratio": [[1.2, 5.0], "float", 0], "min_spawns_after_conversions": [[0, 2.8499999999999996], "int", 0], "max_conversions_per_step": [[2, 10], "int", 1], "friendly_ship_halite_conversion_constant": [[0, 0.21614403506505467], "float", 0], "friendly_bases_conversion_constant": [[7.691863500839721, 9.693897625629791], "float", 0], "nearby_halite_conversion_constant": [[0, 0.14581481875554334], "float", 0], "conversion_score_threshold": [[2.8932633337639584, 3.919947500322968], "float", -Infinity], "halite_collect_constant": [[0, 24.383748955776472], "float", 0], "nearby_halite_move_constant": [[0, 2.4006499999999997], "float", 0], "nearby_onto_halite_move_constant": [[0, 4.876749791155296], "float", 0], "nearby_ships_move_constant": [[0, 0.034295], "float", 0], "nearby_base_move_constant": [[0, 16.585510782226557], "float", 0], "nearby_move_onto_base_constant": [[0, 9.453741145869138], "float", 0], "halite_dropoff_constant": [[0, 31.51247048623045], "float", 0], "max_spawns_per_step": [[1, 8.219999999999999], "int", 1], "nearby_ship_halite_spawn_constant": [[0, 1.791235164480468], "float", 0], "nearby_halite_spawn_constant": [[0, 1.7016734062564445], "float", 0], "remaining_budget_spawn_constant": [[0.004619505, 0.007714628750000001], "float", 0], "spawn_score_threshold": [[5.2755, 14.706624999999999], "float", -Infinity]}