{"halite_config_setting_divisor": [[2341.527030872892, 2681.1452731546683], "float", 0], "max_ship_to_base_ratio": [[1.2, 5.0], "float", 0], "min_spawns_after_conversions": [[0, 2.8499999999999996], "int", 0], "max_conversions_per_step": [[5.12, 12.34], "int", 1], "friendly_ship_halite_conversion_constant": [[0, 0.13622465051524593], "float", 0], "friendly_bases_conversion_constant": [[10.652876698410134, 11.914657523807602], "float", 0], "nearby_halite_conversion_constant": [[0, 0.09189970344978203], "float", 0], "conversion_score_threshold": [[4.411731640210323, 5.05879873015774], "float", -Infinity], "halite_collect_constant": [[0, 15.367843386251174], "float", 0], "nearby_halite_move_constant": [[0, 1.5926402583740866], "float", 0], "nearby_onto_halite_move_constant": [[0, 3.0735686772502357], "float", 0], "nearby_ships_move_constant": [[0, 0.02793349184374999], "float", 0], "nearby_base_move_constant": [[0, 11.582280753993825], "float", 0], "nearby_move_onto_base_constant": [[0, 5.958214776873276], "float", 0], "halite_dropoff_constant": [[0, 19.860715922910906], "float", 0], "max_spawns_per_step": [[1, 6.8807351249999975], "int", 1], "nearby_ship_halite_spawn_constant": [[0, 1.250886321431333], "float", 0], "nearby_halite_spawn_constant": [[0, 1.128924905091778], "float", 0], "remaining_budget_spawn_constant": [[0.008354238597397808, 0.010515678948048354], "float", 0], "spawn_score_threshold": [[13.809501023281246, 21.10712576746093], "float", -Infinity]}