{"halite_config_setting_divisor": [[1185.9857340625, 1814.4893005468748], "float", 0], "max_ship_to_base_ratio": [[1.2, 5.0], "float", 0], "min_spawns_after_conversions": [[0, 2.8499999999999996], "int", 0], "max_conversions_per_step": [[2, 10], "int", 1], "friendly_ship_halite_conversion_constant": [[0, 0.23949477569535144], "float", 0], "friendly_bases_conversion_constant": [[6.826718560487226, 9.045038920365421], "float", 0], "nearby_halite_conversion_constant": [[0, 0.16156766621112836], "float", 0], "conversion_score_threshold": [[2.44959926178832, 3.587199446341239], "float", -Infinity], "halite_collect_constant": [[0, 28.44000461382298], "float", 0], "nearby_halite_move_constant": [[0, 2.6599999999999997], "float", 0], "nearby_onto_halite_move_constant": [[0, 5.688000922764598], "float", 0], "nearby_ships_move_constant": [[0, 0.034295], "float", 0], "nearby_base_move_constant": [[0, 18.377297265624996], "float", 0], "nearby_move_onto_base_constant": [[0, 11.026378359374998], "float", 0], "halite_dropoff_constant": [[0, 36.754594531249985], "float", 0], "max_spawns_per_step": [[1, 8.219999999999999], "int", 1], "nearby_ship_halite_spawn_constant": [[0, 1.9847481046874993], "float", 0], "nearby_halite_spawn_constant": [[0, 1.8855106994531243], "float", 0], "remaining_budget_spawn_constant": [[0.0032819999999999998, 0.0067115000000000005], "float", 0], "spawn_score_threshold": [[3.29, 13.217499999999998], "float", -Infinity]}