{"halite_config_setting_divisor": [[3161.7440977107017, 3283.4924565618526], "float", 0], "max_ship_to_base_ratio": [[8.184524633403129, 9.85700597427984], "float", 0], "min_spawns_after_conversions": [[0.7762019046082026, 2.572412722323338], "int", 0], "max_conversions_per_step": [[15.74888897152158, 19.093851653275003], "int", 1], "friendly_ship_halite_conversion_constant": [[0, 0.034103036133723265], "float", 0], "friendly_bases_conversion_constant": [[13.985440621633082, 14.373257623882742], "float", 0], "nearby_halite_conversion_constant": [[0.003945047751036742, 0.02268402456846126], "float", 0], "conversion_score_threshold": [[5.974472990610468, 6.206437433210479], "float", -Infinity], "halite_collect_constant": [[0.6597069817787189, 3.7933151452276332], "float", 0], "nearby_halite_move_constant": [[0.12019770780804483, 0.6911368198962577], "float", 0], "nearby_onto_halite_move_constant": [[0.12534432653795666, 0.7207298775932507], "float", 0], "nearby_ships_move_constant": [[0.004106736666236038, 0.02361373583085722], "float", 0], "nearby_base_move_constant": [[1.7045399935570205, 5.649020363262689], "float", 0], "nearby_move_onto_base_constant": [[0.2983207709612769, 1.715344433027342], "float", 0], "halite_dropoff_constant": [[1.0467395472325496, 6.01875239658716], "float", 0], "max_spawns_per_step": [[1.6037657640564913, 4.471653143324825], "int", 1], "nearby_ship_halite_spawn_constant": [[0.06592673631789792, 0.379078733827913], "float", 0], "nearby_halite_spawn_constant": [[0, 0.3296336815894896], "float", 0], "remaining_budget_spawn_constant": [[0.012339855171553185, 0.013393935549416154], "float", 0], "spawn_score_threshold": [[25.42632339052468, 28.98519238523548], "float", -Infinity]}