{"halite_config_setting_divisor": [[2593.515276189913, 2870.136457142434], "float", 0], "max_ship_to_base_ratio": [[2.682, 6.1114999999999995], "float", 0], "min_spawns_after_conversions": [[0, 2.7074999999999996], "int", 0], "max_conversions_per_step": [[9.239009999999999, 15.429257499999995], "int", 1], "friendly_ship_halite_conversion_constant": [[0, 0.11679560973550897], "float", 0], "friendly_bases_conversion_constant": [[11.37272265929939, 12.454541994474544], "float", 0], "nearby_halite_conversion_constant": [[0, 0.0675547267567771], "float", 0], "conversion_score_threshold": [[4.7808834150253245, 5.335662561268991], "float", -Infinity], "halite_collect_constant": [[0, 11.296777049628274], "float", 0], "nearby_halite_move_constant": [[0, 1.3654899415234822], "float", 0], "nearby_onto_halite_move_constant": [[0, 2.2593554099256554], "float", 0], "nearby_ships_move_constant": [[0, 0.02653681725156249], "float", 0], "nearby_base_move_constant": [[0, 10.453008380479426], "float", 0], "nearby_move_onto_base_constant": [[0, 4.853003174605638], "float", 0], "halite_dropoff_constant": [[0, 16.176677248685447], "float", 0], "max_spawns_per_step": [[1, 6.041995277796873], "int", 1], "nearby_ship_halite_spawn_constant": [[0, 1.0188547268453296], "float", 0], "nearby_halite_spawn_constant": [[0, 0.9195163909779099], "float", 0], "remaining_budget_spawn_constant": [[0.009197200334151522, 0.01114790025061364], "float", 0], "spawn_score_threshold": [[16.65557467351132, 23.241681005133483], "float", -Infinity]}