{"halite_config_setting_divisor": [[2886.6320524267617, 3089.974039320071], "float", 0], "max_ship_to_base_ratio": [[7.2991985235766395, 9.574398892682481], "float", 0], "min_spawns_after_conversions": [[0, 2.2052756718749986], "int", 0], "max_conversions_per_step": [[14.84041794437187, 19.630313458278902], "int", 1], "friendly_ship_halite_conversion_constant": [[0, 0.08156273029831615], "float", 0], "friendly_bases_conversion_constant": [[12.51905351836567, 13.314290138774254], "float", 0], "nearby_halite_conversion_constant": [[0, 0.049658931812294534], "float", 0], "conversion_score_threshold": [[5.282889888456495, 5.712167416342369], "float", -Infinity], "halite_collect_constant": [[0, 7.8889607394113375], "float", 0], "nearby_halite_move_constant": [[0, 1.05659008709886], "float", 0], "nearby_onto_halite_move_constant": [[0, 1.5777921478822676], "float", 0], "nearby_ships_move_constant": [[0.0047898955139070295, 0.027541899204965418], "float", 0], "nearby_base_move_constant": [[1.702808131440574, 9.791146755783299], "float", 0], "nearby_move_onto_base_constant": [[0, 3.5674032788299836], "float", 0], "halite_dropoff_constant": [[0, 11.891344262766605], "float", 0], "max_spawns_per_step": [[1, 5.106736666236038], "int", 1], "nearby_ship_halite_spawn_constant": [[0, 0.7489518474289512], "float", 0], "nearby_halite_spawn_constant": [[0, 0.6759290423046284], "float", 0], "remaining_budget_spawn_constant": [[0.011264225241463323, 0.012698168931097492], "float", 0], "spawn_score_threshold": [[22.615185872970837, 27.71138940472812], "float", -Infinity]}