{"halite_config_setting_divisor": [[1053.66919375, 1715.2518953125], "float", 0], "max_ship_to_base_ratio": [[1.2, 5.0], "float", 0], "min_spawns_after_conversions": [[0, 2.8499999999999996], "int", 0], "max_conversions_per_step": [[2, 10], "int", 1], "friendly_ship_halite_conversion_constant": [[0, 0.2520997638898436], "float", 0], "friendly_bases_conversion_constant": [[6.35970374788129, 8.694777810910969], "float", 0], "nearby_halite_conversion_constant": [[0, 0.17007122759066146], "float", 0], "conversion_score_threshold": [[2.2101044860929684, 3.4075783645697255], "float", -Infinity], "halite_collect_constant": [[0, 29.936846961918924], "float", 0], "nearby_halite_move_constant": [[0, 2.6599999999999997], "float", 0], "nearby_onto_halite_move_constant": [[0, 5.987369392383788], "float", 0], "nearby_ships_move_constant": [[0, 0.034295], "float", 0], "nearby_base_move_constant": [[0, 19.344523437499998], "float", 0], "nearby_move_onto_base_constant": [[0, 11.606714062499998], "float", 0], "halite_dropoff_constant": [[4.756187500000003, 43.44523437499999], "float", 0], "max_spawns_per_step": [[1, 8.6], "int", 1], "nearby_ship_halite_spawn_constant": [[0, 2.0892085312499993], "float", 0], "nearby_halite_spawn_constant": [[0, 1.8855106994531243], "float", 0], "remaining_budget_spawn_constant": [[0.0025599999999999998, 0.00617], "float", 0], "spawn_score_threshold": [[1.2000000000000002, 11.649999999999999], "float", -Infinity]}