{"halite_config_setting_divisor": [[2843.823213080802, 3057.867409810601], "float", 0], "max_ship_to_base_ratio": [[5.785273099374999, 8.43895482453125], "float", 0], "min_spawns_after_conversions": [[0.5144249999999999, 2.957943749999999], "int", 0], "max_conversions_per_step": [[14.84041794437187, 19.630313458278902], "int", 1], "friendly_ship_halite_conversion_constant": [[0, 0.09037421639702622], "float", 0], "friendly_bases_conversion_constant": [[12.351635282490179, 13.188726461867637], "float", 0], "nearby_halite_conversion_constant": [[0, 0.052272559802415304], "float", 0], "conversion_score_threshold": [[5.282889888456495, 5.712167416342369], "float", -Infinity], "halite_collect_constant": [[0, 8.741230736189848], "float", 0], "nearby_halite_move_constant": [[0, 1.1122000916830106], "float", 0], "nearby_onto_halite_move_constant": [[0, 1.74824614723797], "float", 0], "nearby_ships_move_constant": [[0.0047898955139070295, 0.027541899204965418], "float", 0], "nearby_base_move_constant": [[0, 8.51404065720287], "float", 0], "nearby_move_onto_base_constant": [[0, 3.755161346136825], "float", 0], "halite_dropoff_constant": [[0, 12.517204487122743], "float", 0], "max_spawns_per_step": [[1, 5.322880701301092], "int", 1], "nearby_ship_halite_spawn_constant": [[0, 0.7883703657146854], "float", 0], "nearby_halite_spawn_constant": [[0, 0.7115042550575036], "float", 0], "remaining_budget_spawn_constant": [[0.010962342359435077, 0.012471756769576308], "float", 0], "spawn_score_threshold": [[21.542300918916673, 26.906725689187496], "float", -Infinity]}