{"halite_config_setting_divisor": [[2270.0284535504125, 2627.521340162809], "float", 0], "max_ship_to_base_ratio": [[1.2, 5.0], "float", 0], "min_spawns_after_conversions": [[0, 2.8499999999999996], "int", 0], "max_conversions_per_step": [[3.6, 11.2], "int", 1], "friendly_ship_halite_conversion_constant": [[0, 0.14339436896341679], "float", 0], "friendly_bases_conversion_constant": [[10.387238629905404, 11.715428972429054], "float", 0], "nearby_halite_conversion_constant": [[0, 0.09673652994713898], "float", 0], "conversion_score_threshold": [[4.275506989695077, 4.956630242271306], "float", -Infinity], "halite_collect_constant": [[0, 16.176677248685447], "float", 0], "nearby_halite_move_constant": [[0, 1.6764634298674597], "float", 0], "nearby_onto_halite_move_constant": [[0, 3.2353354497370903], "float", 0], "nearby_ships_move_constant": [[0, 0.02793349184374999], "float", 0], "nearby_base_move_constant": [[0, 12.191874477888238], "float", 0], "nearby_move_onto_base_constant": [[0, 6.271805028287659], "float", 0], "halite_dropoff_constant": [[0, 20.90601676095885], "float", 0], "max_spawns_per_step": [[1, 7.190247499999998], "int", 1], "nearby_ship_halite_spawn_constant": [[0, 1.3167224436119296], "float", 0], "nearby_halite_spawn_constant": [[0, 1.1883420053597664], "float", 0], "remaining_budget_spawn_constant": [[0.00789919852357664, 0.010174398892682478], "float", 0], "spawn_score_threshold": [[13.809501023281246, 21.10712576746093], "float", -Infinity]}