{"halite_config_setting_divisor": [[3421.8752779565098, 3467.817459771753], "float", 0], "max_ship_to_base_ratio": [[8.518280528226642, 9.376835583998394], "float", 0], "min_spawns_after_conversions": [[1.0346339812704899, 2.4245076717497493], "int", 0], "max_conversions_per_step": [[18.403275913776373, 20.40602863171602], "int", 1], "friendly_ship_halite_conversion_constant": [[0, 0.005962050152989897], "float", 0], "friendly_bases_conversion_constant": [[14.912325445424312, 15.051352381201495], "float", 0], "nearby_halite_conversion_constant": [[0, 0.0038210052805649885], "float", 0], "conversion_score_threshold": [[6.6314064759062585, 6.699137547182323], "float", -Infinity], "halite_collect_constant": [[0, 0.7079934556675507], "float", 0], "nearby_halite_move_constant": [[0, 0.23872125293606294], "float", 0], "nearby_onto_halite_move_constant": [[0, 0.1153330189200636], "float", 0], "nearby_ships_move_constant": [[0.0005452570879833922, 0.012224818061534286], "float", 0], "nearby_base_move_constant": [[0, 1.3433386495685065], "float", 0], "nearby_move_onto_base_constant": [[0, 0.30414820730375475], "float", 0], "halite_dropoff_constant": [[0, 1.0138273576791816], "float", 0], "max_spawns_per_step": [[1.3624481731291262, 2.9937027790954494], "int", 1], "nearby_ship_halite_spawn_constant": [[0, 0.10131517587001328], "float", 0], "nearby_halite_spawn_constant": [[0, 0.11816903440153174], "float", 0], "remaining_budget_spawn_constant": [[0.01418790863062, 0.014585669658568372], "float", 0], "spawn_score_threshold": [[29.32821231070695, 31.063783673377444], "float", -Infinity]}