{"halite_config_setting_divisor": [[2409.450679329247, 2732.088009496935], "float", 0], "max_ship_to_base_ratio": [[1.2, 5.0], "float", 0], "min_spawns_after_conversions": [[0, 2.7074999999999996], "int", 0], "max_conversions_per_step": [[6.564, 13.422999999999998], "int", 1], "friendly_ship_halite_conversion_constant": [[0, 0.12941341798948364], "float", 0], "friendly_bases_conversion_constant": [[10.905232863489628, 12.103924647617223], "float", 0], "nearby_halite_conversion_constant": [[0, 0.08730471827729293], "float", 0], "conversion_score_threshold": [[4.541145058199806, 5.155858793649853], "float", -Infinity], "halite_collect_constant": [[0, 14.599451216938615], "float", 0], "nearby_halite_move_constant": [[0, 1.5130082454553822], "float", 0], "nearby_onto_halite_move_constant": [[0, 2.919890243387724], "float", 0], "nearby_ships_move_constant": [[0, 0.02793349184374999], "float", 0], "nearby_base_move_constant": [[0, 11.003166716294134], "float", 0], "nearby_move_onto_base_constant": [[0, 5.6603040380296115], "float", 0], "halite_dropoff_constant": [[0, 18.86768012676536], "float", 0], "max_spawns_per_step": [[1, 6.586698368749998], "int", 1], "nearby_ship_halite_spawn_constant": [[0, 1.1883420053597664], "float", 0], "nearby_halite_spawn_constant": [[0, 1.0724786598371892], "float", 0], "remaining_budget_spawn_constant": [[0.008786526667527918, 0.010839895000645937], "float", 0], "spawn_score_threshold": [[15.269025972117182, 22.20176947908788], "float", -Infinity]}