{"halite_config_setting_divisor": [[914.388625, 1610.7914687500001], "float", 0], "max_ship_to_base_ratio": [[1.2, 5.0], "float", 0], "min_spawns_after_conversions": [[0, 2.8499999999999996], "int", 0], "max_conversions_per_step": [[2, 10], "int", 1], "friendly_ship_halite_conversion_constant": [[0, 0.2793349184374999], "float", 0], "friendly_bases_conversion_constant": [[5.868109208296095, 8.326081906222072], "float", 0], "nearby_halite_conversion_constant": [[0, 0.18844457350765814], "float", 0], "conversion_score_threshold": [[1.9580047222031247, 3.218503541652343], "float", -Infinity], "halite_collect_constant": [[0, 33.171021564453106], "float", 0], "nearby_halite_move_constant": [[0, 2.6599999999999997], "float", 0], "nearby_onto_halite_move_constant": [[0, 6.634204312890624], "float", 0], "nearby_ships_move_constant": [[0, 0.034295], "float", 0], "nearby_base_move_constant": [[0, 19.344523437499998], "float", 0], "nearby_move_onto_base_constant": [[0, 12.217593749999999], "float", 0], "halite_dropoff_constant": [[12.901250000000001, 53.62656249999999], "float", 0], "max_spawns_per_step": [[1, 8.6], "int", 1], "nearby_ship_halite_spawn_constant": [[0, 2.3149124999999997], "float", 0], "nearby_halite_spawn_constant": [[0, 1.9847481046874993], "float", 0], "remaining_budget_spawn_constant": [[0.0018, 0.0056], "float", 0], "spawn_score_threshold": [[1.2000000000000002, 11.649999999999999], "float", -Infinity]}